,empty_slots,free_bikes,id,latitude,longitude,name
0,23,8,dedcd93fbe85671e73c79baf58bd7fed,41.4253643,2.1852073,"C/ CARDENAL TEDESCHINI, 13"
1,15,8,5c10c2dba1c5a8e8d9dcbb251fd8eab7,41.4299999,2.190246,"RAMBLA DE L'ONZE DE SETEMBRE, 69"
2,8,16,f1aaf083aaa04498aad975bc45bdc089,41.4433647,2.1906302,"PG. TORRAS I BAGES, 129"
3,2,16,4a30020e6926a2ba39f88be0f6bba5cb,41.3775319,2.1707321,"C/ SANT OLEGUER, 2"
4,21,3,e964297fbcd2fc96bb6632e5a530d0df,41.3751161,2.1523091,"AV. PARAL.LEL, 194"
5,12,19,77e6513f3a43c3054c71144be4132e59,41.4090202,2.1954152,"C/ BILBAO, 174"
6,11,13,23b6f7550b25fbd13f67b32e2bbde1e1,41.4180789,2.1763994,"C/ D'ESCORNALBOU, 51"
7,9,11,a38652efcd560833b66a90c618ec85c7,41.3939378,2.1380304,"C/ GANDUXER, 29"
8,17,11,ab5aed96eeda51ba68ab88cfeb6d6201,41.4092333,2.1557747,"C/ MASSENS, 76"
9,25,4,614ca4a84009c33664c8489c909264f4,41.3754188,2.1297823,"C/ FELIU DE CASANOVA, 1"
10,17,4,de0e8ba6e1c44e2b7c452a639777e19a,41.410098,2.1884487,"C/ ARAGÓ, 629"
11,25,9,f28ea408c98c269ec16dd1a110ba77cc,41.4183999,2.2058133,"GRAN VIA DE LES CORTS CATALANES,  1131"
12,14,5,4adedd174616ff28ded24a9ad859660f,41.3545425,2.1433038,"PG. ZONA FRANCA, 54"
13,17,10,026153e8343ea0aa59a299ddc55f1883,41.426925,2.1786224,"C/ FELIP II, 214"
14,18,1,790df2a3ab9214fa167cefd9b4933ec2,41.4216738,2.1799878,"C/ CAMPO FLORIDO, 66"
15,21,2,6862769769ff575bde387fa0dfe64d91,41.4283127,2.1629889,"C/ GRANOLLERS, 1"
16,13,14,670661fba74c24adc1778757b3388588,41.3934324,2.115107,"C/ CAVALLERS, 67"
17,21,3,094eb7b65cdf38f3f7abd6fe76833690,41.3875297,2.1237141,"AV. DIAGONAL, 680"
18,37,13,c1e818c978c673efb4fb8da5e7e51791,41.4280668,2.1443777,"PG. VALL D'HEBRÓN, 168"
19,24,2,16a291fb985a60b7b1a195e5a20fd7f8,41.3854466,2.1288753,"C/ DE LES CORTS, 20"
20,4,17,97a2d55faca5f8980ed77f15bed3427a,41.4354601,2.2001569,"C/ SANT ADRIÀ, 88"
21,7,19,d1d49e0df5efb64832fb29b9925ad5fe,41.3953011,2.1965965,"C/ RAMON TURRÓ, 91"
22,17,3,5e949bd62eec0a3872120b7300358308,41.4450463,2.176726,PL. JESÚS CARRASCO
23,10,15,fd08dcaaa7b28d2c894bb8cc0c75475b,41.3871579,2.1410945,"C/ GELABERT, 1"
24,23,9,d838e012f31b57bf9dc347842df5d1d6,41.4299201,2.1849813,"RAMBLA FABRA I PUIG, 67"
25,21,15,91ddcd365904e8718a7bd99779794ae4,41.4479402,2.1976757,"PG. SANTA COLOMA, 105"
26,23,0,4f0c56ea18d30a06609a7947f8645968,41.4090922,2.1656378,"C/ SARDENYA, 465"
27,31,1,0f4ff722a51882a7792b8e3802178dc0,41.3957813,2.1787074,"C/ NÀPOLS, 125"
28,9,1,11d965aa22c062de75920e2666e720a4,41.4300161,2.1720191,"C/ AMILCAR, 1"
29,20,3,bd53dacde784bdd4a6fbea912d0fff75,41.3755503,2.1439036,"C/CONSELL DE CENT, 6"
30,23,2,14facb5b151f405ddaa251d5e5a19680,41.3952027,2.1334873,"C/ JOSÉ DE  AGULLÓ, 9"
31,25,5,e2f96d6f9ed195e6bc2ece7b2ca1c117,41.3791986,2.1135824,C/ PINTOR RIBALTA / AV. XILE
32,16,13,43cdddea3c798a5ce5c81ad93210d498,41.4347233,2.1817718,"C/ ANDREU NIN, 22"
33,25,4,a08c92d249cec30792553ab20536cf99,41.43068,2.1821802,"AV. RIO DE JANEIRO, 3"
34,25,1,b9bf856e3de3ecb08c2d6004101edf10,41.4244527,2.1773157,"C/ RAMON ALBÓ, 1"
35,17,10,f131c8be74d689e7349af47724d88348,41.380393,2.1606506,"C/ COMTE URGELL, 23"
36,19,11,c41a52a203d08c919f6d198e30f629af,41.419178,2.18018,"C/ TEODOR LLORENTE, 1"
37,15,14,a2ad3c3ea5fb48794a4f05547bf45a87,41.3776292,2.1836886,PL. ICTÍNEO
38,17,4,3dc0ced3eb7d74f753eff203d02d79cd,41.4117633,2.1453424,"C/ ARGENTERA, 23"
39,20,1,206772325f1d9ef3f1d490a20debc2b0,41.4068417,2.1558354,"PL. DEL NORD, 5"
40,5,25,2859e381ef181038d89fdc04ef067165,41.3763948,2.1473272,"C/ TARRAGONA, 103-115"
41,9,17,ad095f2d769ae6eb8ce76db4bde21a0c,41.4298614,2.1922011,"C/ ONZE DE SETEMBRE, 37-39"
42,17,3,0d8fa3d220b325a928f1d218b3155113,41.3910756,2.1965766,"C/ ROSA SENSAT, 20"
43,19,7,b745f8d58596de1ac5969e7b77a5c84c,41.3759419,2.1299539,"RAMBLA DEL BRASIL, 5"
44,15,1,6627cf97075521a6295e0364ae4d4e7f,41.4366708,2.186105,"C/ MALATS, 98-100"
45,21,4,408725c15ad93ef162f0e92a0cfec7d1,41.4038902,2.2041137,"C/ LOPE DE VEGA, 79"
46,22,3,9a7b57a18c273d1722a143bdefa072ce,41.4031529,2.1445843,"C/ SANT HERMENEGILD, 30"
47,14,19,614fa4d6943058d43722dc81a0564c6c,41.439929,2.1970692,"C/REPÚBLICA DOMINICANA,25(CENTRE COMERCIAL)"
48,4,28,2aff2ad9ec4b1b84d6abd6492da2e4e6,41.393489,2.1707419,"C/ BRUC, 66"
49,13,4,13df1f7cf5da20a4df4f16024b6126f8,41.3811389,2.1729755,"LA RAMBLA, 75"
50,27,0,fdc17d98e3f99d3d35063a93c887f09d,41.3985735,2.1440826,"C/ RECTOR UBACH, 24"
51,31,12,6b3e985a3214ab5d1e0732c5a00537e8,41.4158412,2.1959771,"RAMBLA DE GUIPÚSCOA, 43/FLUVIÀ"
52,12,13,762363dddf5baf047e2a56deba1b37ca,41.4175595,2.1877153,"C/ JOSEP ESTIVILL, 32"
53,29,0,8fdb03b50ec6c7d2a4fd6522f041aac6,41.4276076,2.1697582,"C/ ESCULTOR LLIMONA, 7"
54,22,2,209936f04819af74dbbbbb11324f1698,41.4389014,2.1715576,"PG. VALLDAURA, 171"
55,37,11,c55705a98f23d2296c39a68af7876656,41.3675574,2.1388216,"GRAN VIA DE LES CORTS CATALANES, 179 (D)"
56,14,4,1f6bcf57dac0a8e71974ad24678ed240,41.3982304,2.1531031,"TRAV. DE GRÀCIA, 92 / VIA AUGUSTA"
57,16,10,837b1735c1425961256c0028bc839c0e,41.4182129,2.1904005,"C/ PALÈNCIA, 31"
58,11,6,c03f3bcdbfaf01b9631236692d76a93b,41.4078456,2.1586704,"C/ DEL TORRENT DE LES FLORS, 102"
59,16,4,1a670d1e045dd4d7733d85a8d2af7d9f,41.4047056,2.1765126,"C/ LEPANT,  278"
60,17,17,ed1093b9e37a0c0afcf57114d7aa228d,41.3773113,2.1646742,"RONDA DE SANT PAU, 51"
61,11,8,be6b8196d1e1535db1e0ac8bd50d4739,41.3954041,2.1681961,"C/ BRUC, 102"
62,23,3,515587ca0fcf6ecc240ae4ca9c4b40f0,41.4345997,2.1585268,"C/ EDUARD TODA, 33 | C/ DOCTOR LETAMENDI"
63,16,7,b38b4aff722d92c76825f9b80d63a825,41.3989151,2.1564253,"C/ GRAN DE GRÀCIA, 37"
64,11,12,53ce167862161ac3e0db641efe20d40a,41.3878061,2.1344218,"C/ NUMÀNCIA, 136"
65,18,8,b5c71ae466be2730a78d671a1ddd6ace,41.4065291,2.2091221,"C/ LLULL, 309"
66,11,6,d6b22a7060e924a9d72bf714bb7abe66,41.3790718,2.1490553,"C/ VILAMARÍ,  61"
67,17,5,3c743ecf94b93efe624e6495b8634440,41.4009,2.13892,"C/ SANTALÓ, 165"
68,15,1,086561ce0bc3e36a81eb90e26d0bc610,41.388296,2.150878,"C/ ROSSELLÓ, 108-110"
69,14,7,f64f7ec154143f871bb06d378e982e0d,41.385086,2.174016,PL. CARLES PI I SUNYER
70,26,1,9db9646e880ada6e547ad2303c1fd1cb,41.4038559,2.2084257,"C/ RAMON TURRÓ, 292"
71,15,12,7c21a5ffcb9e694f3a6cae488cfcade5,41.4116634,2.2183313,"RAMBLA DE PRIM, 19"
72,15,16,558a9588c57f132d922efd3be50d01f8,41.3631066,2.1398322,PL. TERESA DE CLARAMUNT/C/ DELS FERROCARILS
73,25,2,faaa75871b7cee48bba7f3242d86bcbb,41.4246885,2.1570492,"C/ LLOBREGÓS, 115"
74,20,13,1161584f0cdec1e6c63e016824fe9db4,41.3880355,2.1256248,"AV. DIAGONAL, 672"
75,29,6,c6edb376f8c2f0e7f2b70725c36402c9,41.4304126,2.1834174,"AV. MERIDIANA, 404"
76,21,9,3dbb2b93d9b68513c2c52e9c10e64aba,41.3653426,2.1331357,"C/ JUAN GRIS, 28"
77,16,6,c9d0f804dc5a2213edae31e31cbbcbe3,41.4250835,2.1872818,"C/ ANTILLES, 8"
78,9,11,36a77ee7024d6a550a37897e26e1cc3d,41.376735,2.1740082,"PL. JEAN GENET,  1"
79,5,27,6771869a4e86404f73b349215b92369d,41.381708,2.177292,"PL. SANT MIQUEL, 4"
80,18,8,afa694b030bf59152b1649bde5a8870c,41.4098842,2.1715285,"TRAVESSERA DE GRÀCIA, 368"
81,11,9,126463a86cb5fe5421dd27fed9c2c6bc,41.3779613,2.1450491,"C/ TARRAGONA, 141"
82,9,14,b7592cd6043ae21ee3e41b2fa96d9a33,41.4013296,2.1574439,"C/ DEL CANÓ, 1"
83,19,23,0bf11c6c1881281b3582f7468f7f7223,41.3982615,2.1866517,"AV. MERIDIANA, 47 (D)"
84,21,3,8919e2b707ebb21481074247d81c0d1e,41.4105956,2.1579897,"C/ CARDENER, 59"
85,9,12,cf23d88209be498ef58d4a397afecf46,41.4361782,2.2047037,"C/ SANT ADRIÀ, 113"
86,32,7,6bbc3329c88fa6e540166c5298c00686,41.3720293,2.1804468,WORLD TRADE CENTER
87,25,0,84a14ee591bad0c01cf695bfeb743c9b,41.4260751,2.1722534,"C/ AMILCAR, 78"
88,29,0,fdd54a815b9df606b7855bc3d48fe805,41.3702483,2.1878126,C/ NOVA  BOCANA
89,13,10,205a69a8b9006b34c6170024516fa6ee,41.4018686,2.20077,"C/ PUJADES, 173/RBLA POBLE NOU"
90,18,9,00e4814116fc414fb00b93cc1c9aa1ca,41.3992169,2.2041415,"C/ DEL DOCTOR TRUETA, 222"
91,2,24,7d5ed93b63811f1aacd75f5ecb137eae,41.3717304,2.1554047,"C/ LLEIDA, 40"
92,23,3,d619601c806c7e3476c79145cafcd1da,41.400305,2.149144,"C/ MADRAZO, 39"
93,16,10,d6505fff5b4c2a24385305452780ffa1,41.3967824,2.1445567,"C/ MADRAZO, 131"
94,22,1,8ca64c5a6a216cb4628c6f4e7aff13bd,41.3986238,2.1204941,"C/ CARME KARR, 12-14"
95,40,2,b1dadc34eb4621be3322c4989aadbce6,41.3694508,2.1879597,MOLL ORIENTAL
96,26,4,af8ed8f730d69306e8971ff13d1080ce,41.3723682,2.1419494,"C/ GAVÀ, 1"
97,23,2,d75f6859f1594fbe1c608d67b3e0bce9,41.3756948,2.1358571,PG. SANT ANTONI /PL. SANTS
98,22,5,6c8a27a1642eddd5ccf4dfb99a120140,41.3954094,2.1599427,"C/ ROSSELLÓ, 261"
99,9,16,935058af9c6e404d8b6e4558ebe7678e,41.3960982,2.1513154,"C/ TUSET, 19"
100,1,23,084523f98844ad705e48d34b3d667865,41.3943454,2.1751709,PL. TETUAN
101,28,9,aa57523a41ed37cd0eca001803241c37,41.3718728,2.180302,WORLD  TRADE CENTER
102,7,16,f4fa7f17f346f7172eae9dbd166fbdf7,41.377046,2.16113608,"C/ MANSO, 46"
103,14,6,eb9804d8f13e410f242f9674d5a34452,41.4108439,2.1740575,"C/ SANT ANTONI MARIA CLARET, 214"
104,25,4,85754ee6b3be59b9e61376c7d72cd0eb,41.4095926,2.1524953,"C/ MAIGNON, 31-41"
105,18,2,4221670311bebbea4f1f557ffcd04050,41.3808222,2.141539,"C/ VIRIAT,  53"
106,6,19,cbd7a9e3c74db2af2926d83c711e13e7,41.388885,2.18329,"PG. PUJADES,  1 (JUTJATS)"
107,3,14,f4d8965d9acfe29d7b109123ac723c74,41.389492,2.17425,"RDA. DE SANT PERE, 26"
108,23,6,23f495a807f88f6a5a1a2aa73b8fb5a3,41.429561735076526,2.1589684563445877,"C/ LISBOA, 1"
109,15,9,4ec39ba0bb29d1ca4292b40933dc6bb8,41.4059356,2.1517977,"C/ DE NIL FABRA, 16-20"
110,11,5,f02902460e1873902ce5cd04c4733484,41.36352,2.1369015,"PG. ZONA FRANCA, 244"
111,23,10,1139f0f7f91f6444cfaec68ec53b8433,41.4298991,2.1932159,"RAMBLA DE L'ONZE DE SETEMBRE, 31"
112,20,7,2ac4f6528d3b970a9fb266edd9776986,41.3993329,2.1974184,"C/ PUJADES, 121"
113,22,2,09257dd0300decf3aa34145b7988dbba,41.4145614,2.1658677,"C/ CAMÈLIES, 78"
114,20,0,129546d3550305e9a5d2f725866b1667,41.385004,2.1429115,"AV. JOSEP TARRADELLAS, 58"
115,8,17,00565dda9629be93f8f69358b48602cc,41.386543,2.169427,"PL. CATALUNYA, 7"
116,24,3,346a3f4d1e15c95fcf7abf4dd69cb0a7,41.4267638,2.1521909,"C/ LISBOA, 128"
117,32,4,ddd1cf82f9fbc6f46089b086af6e110b,41.3789061,2.1233038,"C/ ARIZALA, 77"
118,19,6,9c2e3e53b02eb550cda4f0dd07d10828,41.3900544,2.1775594,"C/ MÉNDEZ NÚÑEZ, 16"
119,17,10,9688a50feda32c00f9d0929cec47acce,41.4158807,2.1908473,"C/ ESPRONCEDA, 298"
120,4,14,aab7e9b887f07b92be24c7c6bfdcf6fc,41.3811923,2.1735007,"LA RAMBLA, 80"
121,5,19,733c4b7dc13adf43eda617825b978026,41.3908477,2.136579,"AV. DIAGONAL, 634"
122,26,0,f3372fefe9287bdfeaec076d7cbc3471,41.3675438,2.1342316,"C/ QUETZAL, 22-24"
123,13,13,ffbaa273abd20a25367fc85ccfd7330c,41.4017084,2.2053803,"C/ RAMON TURRÓ, 246"
124,18,4,ec1db62dd08a4c1ff0bafae671d06714,41.401061,2.169941,"C/ PROVENÇA, 388-390"
125,15,0,627e166d8b3316534a9b51f10ee3d3ff,41.4315,2.18579,"C/ IRLANDA, 34"
126,19,3,cd72ad4a9dbceb4c46d87353ce542df0,41.3821658,2.1520645,"C/ CALABRIA, 158"
127,16,4,f9e2bce2fb587714a956883db5bd5689,41.4167933,2.2058345,"GRAN VIA DE LES CORTS CATALANES, 1118"
128,18,15,c4e81a9afb47f3d720c2d13b2b3e69b9,41.3621232,2.1356187,"C/ JANE ADDAMS, 26/ CRTA. DEL PRAT"
129,7,9,dc60d6ec5fb65c625c08180f89a280eb,41.410314,2.1757334,"C/ CARTAGENA, 308"
130,12,11,404e95fdd5b74e1e23f3c5726866ee29,41.4148983,2.207186,"C/ PERE IV, 488"
131,22,4,649da7e42e026afec2f1bae50f912cd1,41.3954723,2.1250451,"PASSATGE DE SENILLOSA, 3-5"
132,24,2,d03bca09c80e5a1eea3ea916922ef802,41.3941557,2.1813305,"C/ NÀPOLS, 82"
133,8,16,ce794ac7bd8798e23eae41c3e13e8384,41.3790954665734,2.1516210083711993,"C/ ENTENÇA, 70"
134,17,4,468cdd79007124037cb4c49834f0f4c4,41.4120452,2.1972673,"GRAN VIA DE LES CORTS CATALANES,  981"
135,29,3,c0404e92e0f3547d112fb945e7cb4e0f,41.4070139,2.2074469,"C/ PUJADES, 311/ FLUVIÀ"
136,23,0,871cd416cf79c532d0ecce37f1da4edf,41.3755016,2.154004,"C/ VILAMARÍ, 2"
137,10,17,abe41b077f52ff6dcd89fe331d42cc6c,41.3924661,2.1717397,"C/ BRUC, 45"
138,6,21,89d251d517c3cf0c0435af9d4daa1058,41.4457195,2.1929816,"C/ FERNANDO PESSOA, 72"
139,26,1,e6b1bab15b484861552a0e83f61f0ce0,41.4160558,2.1421504,"AV. VALLCARCA, 196"
140,18,8,d4a4e50c2de87880e9a073243eb63701,41.40013,2.1780175,"C/ CONSELL DE CENT, 482"
141,10,16,1f9e36d7f297b20aa6a1e64d491c7972,41.3902625,2.164035,"RBLA. CATALUNYA, 47"
142,3,18,cca384f10ed51ada861035bb4b17e71f,41.3871079,2.1753364,"C/ SANT PERE MÉS ALT, 4"
143,29,0,1531183adae9d617f88b99b7056ae8f1,41.3937414,2.1455022,"C/ SAGUÉS, 1"
144,7,18,f42676e8a08f610ac64c2912a14395c8,41.3808772,2.1559939,"C/ VILADOMAT, 122"
145,7,24,1747e401e4657c8c550ffd30791cbfe5,41.4003793,2.1924144,"C/ SANCHO DE ÁVILA,  104 - C/ BADAJOZ"
146,27,6,d29e2abe8c06a377b78d71eee1d0f478,41.3897943,2.1328634,"AV. DIAGONAL, 650"
147,18,8,5a6b4c6a6b38a2ed0eba51fd65e031a3,41.3755747,2.1629349,"C/ VILADOMAT,  2"
148,15,9,c1a0d40374fb01ca5395a5ec4449cac4,41.37684,2.114029,"C/ CARDENAL REIG, 11"
149,11,3,0f9fe229cef0441785dc69de17b17418,41.4191957,2.1718497,"C/ GARRIGA I ROCA, 2"
150,16,11,0f850a848dad56671cf211f1684580b8,41.4333259,2.1629258,"PG. FABRA I PUIG, 385"
151,10,22,df6d9ac9a5659d0735da9a04a3a0c3ae,41.3935816,2.1345892,"C/ SANTA FE DE NOU MÈXIC, 2"
152,19,8,38ebb650dd9d97eed0737b715bc34c1a,41.4034967,2.1936584,"C/ ROC BORONAT, 134"
153,21,6,386c55096475077ec2346c1a074a2f21,41.4056269,2.1977119,"C/ CASTELLA,  28 / DIAGONAL"
154,22,10,d66ffbdf034373fa2a73d73292581b49,41.371366,2.143565,"C/ SANT PERE D´ABANTO, 2"
155,9,18,f5857b295e06b4662db61d3d7fec7a78,41.3781065,2.1696744,"RAMBLA DEL RAVAL, 20"
156,12,8,00028670e3d01438515caba403ffd680,41.4055198,2.1622548,"PL  JOANIC - C / BRUNIQUER, 59"
157,18,2,6597296b8aba550c3c36e8fba2e2a563,41.3770199,2.1169828,"C/ SANT RAMON NONAT,  26"
158,25,0,39a2c0f0f49e9e3449fc18a3215cfd88,41.400793,2.122889,"PG. BONANOVA, 100"
159,24,7,04c1f418a16200483f9ff8d36ffbea54,41.3821314,2.1606534,"C/ VILLARROEL, 39"
160,7,26,e02c5db9e6f6fca078798c9b2d486a81,41.357067,2.141563,JARDINS DE CAN FERRERO/PG.DE LA ZONA FRANCA
161,24,1,296d8cf892209d45de2ffb6cd8bfc9ec,41.3976165,2.1471724,"C/ LAFORJA, 74-76"
162,16,11,b531533edea1cbb1febcacfa1b2de898,41.4091355,2.2088179,"C/ SELVA DE MAR, 46"
163,22,4,a7a1407fe9858d2c96db2858a2f92c91,41.3981616,2.1386719,"C/ VALLMAJOR, 13"
164,16,4,15175d0b3a62e7ab9b961b63cc527dea,41.3796421,2.1368202,"C/ VALLESPIR, 49"
165,13,5,17e966aea4e9eaaaab7a77d5b59de955,41.3751866,2.1568773,AV. PARAL.LEL 164
166,12,27,03f8133a557d1706e2bdaa59db24514c,41.3751852,2.1592394,"AV. PARAL·LEL, 146 BIS"
167,1,21,56510ff03d4f05f12f0558f3b2c00592,41.3869612,2.1820169,"C/ COMERÇ, 36"
168,18,9,ca4e7de46ae2cece4a671ee1c6a62dfc,41.3969455,2.136346,"C/ REINA VICTORIA, 31"
169,31,6,837a89e6f83e86ee9812f66f36bea49a,41.381951,2.147474,"C/ ENTENÇA, 137"
170,18,5,fb7923cf9d6258b3827621a17c16f3f1,41.381219,2.141767,"C/ NUMÀNCIA, 2"
171,11,13,96f5f6ef281da60b166a50fc03189e7d,41.392567,2.1422174,"AV. DIAGONAL,  612"
172,18,11,cf7b7020945106c2d6334672818fd7c0,41.4296439,2.174444,PL. VIRREI AMAT
173,3,18,485e3dcc8a771641516691cbcf3631e2,41.3850616,2.1766834,"AV. DE LA CATEDRAL, 6"
174,5,8,b14fe56c969981b87e380a303ce48826,41.3736911,2.188928,LA BARCELONETA (CN BARCELONETA)
175,13,3,951bf060982350664a34d1316b496f4b,41.4315843,2.1769107,"C/ DE MALADETA, 1"
176,20,24,177691c9682b3cbc1b88eb02419d115d,41.381046,2.186576,PL. PAU VILA (D)
177,7,26,4f7f0e5605acd664b3a57dfe7c90667b,41.416043,2.2124993,"RAMBLA PRIM, 79"
178,24,2,f3351418bc7b868c203b94a4a4a4d3a3,41.3821371,2.1354149,"C/ VALLESPIR, 130"
179,20,5,c2cc6f14eff599dc8f98ad45ba99c6dd,41.39038,2.121,"PG. MANUEL GIRONA, 7"
180,15,10,9236b6b2cd0af13747bef6610bc2815c,41.4256626,2.2008632,"RAMBLA DE PRIM, 256"
181,9,10,58abd7401d2bb160e3666d167cb3ad1b,41.3847528,2.1546746,C/ ARAGÓN 147
182,18,6,66c267ba8e1f56ad341dd17f54c369f9,41.4246548,2.166289,"C/ PEDRELL, 52"
183,3,14,5623abe908c3b96a5aceb962c0273f6a,41.3842634,2.1692556,PL. VICENÇ MARTORELL
184,3,27,649a6bce881584f2182784d49e47284e,41.3937234,2.1764275,"C/ CASP, 67"
185,5,21,101580d3395e059b4d12769a5d25d212,41.39161170092347,2.1689031978751205,"C/ DIPUTACIÓ, 272"
186,12,12,8b869bec6b09fe353385927f2e6d9836,41.4001015,2.1841711,"C/ RIBES, 77"
187,15,3,542e07db8c95f24dd4f57175db5413dd,41.4095069,2.1885055,"C/ ARAGÓ, 614"
188,25,7,9ee110ea13f89c4d80d6b4e3d51dd546,41.384972,2.1376205,"C/ MARQUÈS DE SENTMENAT, 46"
189,15,14,c130134610be40499ad745cdd23a520d,41.4039698,2.1729061,"C/ SARDENYA, 326"
190,11,22,9f58f56f42bcc8b3511501b15d528efd,41.4132316,2.2177652,"C/ LLULL, 465"
191,21,5,6522571fe7fa2aaecb16c6049b211ec2,41.4166982,2.1909952,"C/ MÚRCIA, 64"
192,0,17,03f546e866d88a87aca588e8177f96eb,41.3751145,2.1709386,"AV. PARAL.LEL, 54"
193,17,9,5245b6a5cfddd55e8c2e6188db262d28,41.4420913,2.1928992,"C/ FERNANDO PESSOA, 41"
194,5,26,54bd829993a3b684100ac9a064956b45,41.391313,2.1808391,PG. DE LLUIS COMPANYS (ARC DE TRIOMF)
195,17,4,285fb40978472b0c0755ff451abf3dff,41.4113024,2.1987258,"C/ BAC DE RODA, 157"
196,4,15,95caf46aca1e3505945e857b05f84f40,41.4297231,2.1617032,"C/ FULTON, 1"
197,10,13,eabcedd1303965a9f8050b1566b9899e,41.4352071,2.1948002,"C/ SANT ADRIÀ, 43"
198,21,3,eb03f3afac0686805e05b09ec1ed32c7,41.4093405,2.2024461,"C/ PERE IV,  301 / FLUVIÀ"
199,8,16,4f35587b5a87254f405a876d473846c4,41.4363473,2.1706752,SEU DEL DISTRICTE (NOU BARRIS)
200,16,4,efec17f63cd2b413fca24ecb8513af38,41.3967524,2.1646338,"C/ PROVENÇA, 322"
201,23,8,58b2f4261bcad8e026d73a9e75a843f6,41.4110754,2.1809764,"C/ ROSSELLÓ, 557"
202,17,3,4bb1fd0291adbb8f29ad93854e5d026b,41.3988184485363,2.166735224916682,"C/ PROVENÇA, 317"
203,16,15,363c591f6e428ff1d478e80b6ae106b6,41.4364887,2.1841014,"C/ DE ROSSELLÓ I PORCEL, 1/AV.MERIDIANA"
204,10,17,5ad61e30662fbc77da561d09aebbdc9f,41.384844,2.185085,"AV. MARQUÉS DE  L'ARGENTERA, 15"
205,13,11,bb7a5c1d82f51c2132e19e0156f635dd,41.371459,2.127854,"C/ RIERA BLANCA, 123"
206,12,15,4695e42f21ff521e2f7f08ed7eda702d,41.4065912,2.203028,"C/ ESPRONCEDA, 124"
207,36,18,dde5c154868c7fbe8266a3da127514db,41.4194972,2.20934,"GRAN VIA DE LES CORTS CATALANES, 1157 (D)"
208,11,4,cb6067d868f49af57bcb772cf547ac58,41.4030225,2.1913538,"C/ BOLÍVIA, 76"
209,4,12,d49ebcf08dedec667839873cce78f4f2,41.4075013,2.1930174,"GRAN VIA DE LES CORTS CATALANES, 902"
210,7,16,0d30318c6df68a1f890c2811482d2667,41.3896967,2.1652199,RAMBLA CATALUNYA/DIPUTACIO
211,7,20,a1c53aa90947b3c997765873a3a51014,41.4431441,2.1996045,"C/ CIUTAT D'ASUNCIÓN, 73 / POTOSÍ"
212,16,10,f312a0132032a3ac10803bb9e621e117,41.4120681,2.1907524,"C/ ARAGÓ, 659 /NAVAS DE TOLOSA"
213,7,12,4d9eddb337a5445a36c262bc8358952d,41.383597,2.184171,"AV. MARQUÉS DE L'ARGENTERA,  3"
214,16,10,9243da16a0b663887ae0d67e6f52092e,41.3838369,2.1914756,"C/ DEL DR. AIGUADER, 72 / PG. SALVAT PAPASSEIT"
215,19,3,15603e849340dd9808548b709d679f56,41.439692,2.182335,"AV. RIO DE JANEIRO, 96"
216,7,20,52249e8f72004c480c1c6a8576e026b3,41.3830299,2.1571646,"C/ DEL COMTE D'URGELL, 75 B"
217,20,5,d91cce5b9b84bd9bbec5fd4330c46d51,41.38322238887374,2.1479931916296557,"C/ ROCAFORT, 187"
218,19,7,30f67feaf5a06496a48c4faf1fe559df,41.3935355,2.1231228,"C/ SANTA AMÈLIA, 2"
219,15,4,aca83ec4f285c718592e930810c0679e,41.383467,2.122175,"AV. JOAN XXIII, 17"
220,21,7,16542042e0f60846cf29c95a67c22624,41.3881262,2.1091535,"C/ GRAN CAPITÀ, 9"
221,16,8,35e66e698b6339913614094b36a65fc8,41.3719688,2.1667829,"C/ NOU DE LA RAMBLA, 164"
222,13,13,ffa7f0802de02896fedf531adb54aff0,41.3854003,2.1521802,"C/ COMTE BORRELL, 198"
223,2,22,22a0dc925e9480c731bf5113ee1fbb24,41.377187,2.176757,"LA RAMBLA, 2 (MUSEO DE CERA)"
224,13,8,7be8b5ea66e4126db598f2c674953f92,41.3906051,2.1972309,"C/ ROSA SENSAT, 12"
225,16,8,417ad16238c60e93946e9c620a3d8401,41.4140598,2.2150487,"C/ PALLARS, 504"
226,28,4,143a26af73018f0c2baf57f161c4df3c,41.3917666,2.1532163,"C/ CÒRSEGA, 216"
227,16,8,a0487dd8415803f990a1e0577f53e2b4,41.4388223,2.1767828,"C/ TURÓ BLAU, 1-3"
228,22,3,bd95af27910d965ae58b27109ca040cc,41.3999967,2.1644531,"C / GIRONA, 176"
229,20,10,13b112063b8ee8e5475ddbd9e22539fb,41.3887127,2.1542277,"C/ CASANOVA, 139"
230,16,8,f10f219e4f969e8b6940ec1ee720205e,41.3785631,2.1202487,"C/ GALLEGO, 2"
231,22,5,5bfe842be27fb163b61556088fea6184,41.3953855,2.1210928,"C/ CAPONATA, 20"
232,24,2,2eba5bdf50133a1330d68bd60522da49,41.4029965,2.1283866,"C/ DE LES ESCOLES PIES, 99"
233,11,4,b121b1383d4269226f7d5bb7be520c19,41.4513863,2.1894717,"C/ MIREIA, 28"
234,11,6,dc04b4e3cdc44b9f8138c24836c54d4f,41.382335,2.187093,"C/ DOCTOR AIGUADER, 2"
235,42,7,cf4f9f6ade2aebdc251e2ff66732280f,41.3919877,2.2037136,"AV. LITORAL, 172"
236,24,3,5a6414864fcc3c3d8b88fa7c62aabbac,41.4486328,2.1898372,"270 - CRTA. DE RIBES, 77 (TRINITAT VELLA)"
237,17,9,5ba9b6be5098ba3b2cbcb81149a5f7c6,41.4224015,2.198071,"C/ CANTÀBRIA, 55"
238,24,2,773b659249bfb4bea3ea7592e540bc1e,41.4325013,2.1842021,"C/ CONCEPCIÓ ARENAL, 281"
239,7,16,a6233a1762046603bd37d35b0821adbc,41.3854094,2.1740155,"C/ DURAN I BAS, 2"
240,10,16,603359f89c4bd2f9e534261e8f834f48,41.389462,2.1314948,"AV. DIAGONAL, 652"
241,23,2,1af95e2acbba68a8b51a41615cc77042,41.3819739,2.1268625,"C/ MEJÍA LEQUERICA, 2"
242,20,4,755b3a552ad376901a5bd9e30fd202df,41.3879131,2.150342,"C/ ROSSELLÓ,  101"
243,22,6,f3171a128fc9e9f7ab0f70e9334d3860,41.3954877,2.1771985,"C/ ROGER DE FLOR, 126"
244,11,16,98736433716085131ebffd1f17aa648a,41.3881175,2.1154135,"C/ JORDI GIRONA, 29"
245,7,10,689309692643da94970d523bb63d78fe,41.39352,2.166797,"C/ ARAGÓ, 288"
246,4,14,f35b1f7f5f0ff3970a90b96640059a32,41.4383117,2.2039823,"C/ GRANADELLA, 10-19 | C/ SAS"
247,8,16,03e6b3ec53c2502134c81d25be2babea,41.389135,2.183489,"PG. PUJADES, 2"
248,24,2,95f8c85a04b96afefd04d96f2811dab9,41.4072349,2.1684799,"C/ SARDENYA, 402"
249,10,7,9a40a01fc442d4f03d0c825280e7f70e,41.3938861,2.1601641,"C / PROVENÇA, 241"
250,17,8,c5d5f7bd79f1d304efb37faa60ae1d64,41.3743329,2.1479385,"GRAN VIA DE LES CORTS CATALANES, 368"
251,27,6,e6b3c0f474c7cf94ac64da99a24097e9,41.387561,2.1306737,"C/ EUROPA, 25"
252,23,1,23908bbb2bc4fc7e610d008664f3e409,41.4107641,2.1640965,"C/ SARDENYA, 494"
253,5,20,91ef690acc5603e3e61a905392e0cf04,41.4258248,2.191206,"C/ PORTUGAL, 3"
254,15,9,30523ab4cbdb1282d68199e25f481983,41.3953894,2.1572953,"RAMBLA CATALUNYA, 133 /  CÒRSEGA"
255,10,7,4f6b0a073b67a22434cab65e4fedf4ad,41.3936144,2.1507739,"C/ LONDRES, 101-103"
256,10,17,09cb8fd9f4b645c6115ab159cf8451aa,41.4138664,2.1777274,"C/ SANT ANTONI Mª CLARET, 290-296"
257,21,5,ea70d3859cc7f8482e9acbb1d16826a5,41.3998981,2.1281922,"C/ DOCTOR ROUX, 86"
258,24,0,a13269f74bcc2a4674f65cb7b379bfe9,41.3983902,2.1960799,"C/ PUJADES, 103"
259,5,22,d7a6697f01078b20f3c06402826e491f,41.3873901,2.1875446,RECINTE PARC DE LA CIUTADELLA
260,19,12,09d2b48c91aac474258bef2a1700ed16,41.3887069,2.1285766,"AV. DIAGONAL, 668"
261,20,7,db1347c516927c55b4fa54339d83874f,41.3889129,2.1993105,AV. LITORAL (PG MARÍTIM DEL PORT OLÍMPIC)
262,24,7,894e06803b8bc58d13d8ba7467e99ea4,41.3970497,2.1279409,"C/ CASTELLNOU, 65"
263,12,14,080233252e62b5c4a5f651f1b69e7eff,41.4003471,2.1969105,"C/ PALLARS, 182"
264,5,19,fb90b1e2dcf1b2cbb9087f0830ff9df6,41.387235,2.168819,"PL. CATALUNYA, 5"
265,11,6,a4d7432e72c9001d3af12d71335a63a4,41.430623,2.1671068,"PG. FABRA I PUIG, 344"
266,18,7,cbe83a0b2a3af4cd0a86cf4a0e2be928,41.4145805,2.2008139,"GRAN VIA DE LES CORTS CATALANES, 1041"
267,18,9,152ba80b3ff3a4495a001e4e2ee3e50e,41.3969839,2.1661852,"C/ BRUC, 130"
268,21,0,ca75bf1278bcc8c569ebe033092a4627,41.4064529,2.1785364,"C/ CASTILLEJOS, 258"
269,4,21,1ba1672c7305881dc95e48ee3b682fa2,41.3733857,2.1709545,"C/ VILÀ I VILÀ, 45"
270,16,9,108f46fa37b199e3a56017d8ae34309e,41.433384,2.1716309,"C/ SANT ISCLE, 60"
271,16,10,5e8a9a99852ecd51a4d45c378a80a320,41.3972809,2.1997869,"C/ RAMÓN TURRÓ, 160"
272,29,4,19177609459716eb56c7c72a5b5eb05c,41.3983444,2.1598243,"C/ DE BONAVISTA, 14"
273,18,3,04d2405659301888532b220530bf6ab7,41.4055143,2.1706498,"C/ SARDENYA, 362"
274,20,6,30f4d4066d38a451a77cea1f758db2ad,41.4268952,2.1842572,"C/ CONCEPCIÓ ARENAL, 176"
275,19,5,35dee580f2824b604e13f794b0c66262,41.3793558,2.1689592,"RAMBLA DEL RAVAL, 13"
276,11,7,34cdc33080951b4f34169e9b0de12e71,41.422037,2.174401,"C/ PERIODISTES, 9"
277,1,23,a6d71c2346845ecd60f36a4917082f57,41.4457962,2.2010422,"C/ TUCUMÁN, 21"
278,22,3,3074f74d1d0b376da926a2c7db3c7977,41.4108005,2.1872438,"C/ VALÈNCIA, 621"
279,10,17,915acbb5e9967f7f8d19535097e2abd2,41.3942108,2.2008756,"AV. ICÀRIA, 202"
280,13,14,62fb13f795141f7e52d9a318ec66fe08,41.3734706,2.1332694,"C/ PAVIA, 3"
281,12,17,202292284aa3e54a835a7d23b46736de,41.3952527,2.1730023,"C/ BAILÉN, 62"
282,14,18,3360c263fd39ea95302bf51e7721067e,41.4022657,2.1976297,"C/ LLACUNA, 86"
283,17,15,f3c74e7e0f1a8c1445c57b669bf82b0c,41.3906352,2.111541,"C/ CAVALLERS, 41"
284,17,9,3b49ae2b98339c34d6fb46ce8f0fcc65,41.4060589,2.1740472,"C/ ROSSELLÓ, 453"
285,16,2,1e26d529b774405d07a7faa89bc2bbeb,41.4228449,2.1866363,"C/ GARCILASO, 77"
286,15,11,a512a25dc72978e08e197d1f2f20ae5b,41.4306102,2.1564551,"C/ PORTO, 35 | AV. ESTATUT DE CATALUNYA"
287,21,5,0e3c6e1e8a235e4f609e6576314a8439,41.3958685,2.192952,"C/ PUJADES, 57B"
288,3,31,36bdd6c1fecf797cbdf1cc70c4a46a4b,41.4005784,2.1788855,"C/ MARINA, 199"
289,22,21,1c3b749efc8354ce2fe1ca81e9b7a388,41.3979779,2.1801069,"GRAN VIA CORTS CATALANES, 760"
290,9,20,f1dd35f19d0a59bc41503000390a2840,41.4227912,2.2060317,"RAMBLA  DE GUIPÚSCOA, 158/ CA N'OLIVA"
291,9,3,9822bbdbb55cf9802b6d8e92d62bbb66,41.3703717,2.1389439,"C/GAVÀ, 81"
292,16,8,fda312f7d7ab1b99dddb04d926b64f80,41.3765618,2.1748621,"C/ DE CERVELLÓ, 5"
293,1,20,55ffdfb26f20df2d6ecefaec7f63843a,41.377846,2.150523,"C/ DIPUTACIÓ, 22"
294,22,0,10fc4e8d4de922b51c0ebdf29a61def8,41.4391174,2.1858025,"C/ DE BARTRINA, 14"
295,3,14,22b6aea1f7b692f680a79ee5c12af878,41.4373376,2.1740962,"PL. DELS JARDINS D'ALFÀBIA, 1"
296,16,2,3816f07afcd45edd4822fe3147d18799,41.4480464,2.1775154,"C/ NOU BARRIS, 23"
297,5,26,d2b55d534f311af5c1e2aa96d75a7005,41.3949729,2.1612814,"PG. DE GRÀCIA, 89"
298,22,4,19d9cd8559c7ac1b0cb36b1f32708d41,41.399017,2.124329,"VIA AUGUSTA, 317"
299,11,10,6664971e93f901e063d983180e293d3d,41.3819459,2.1629146,"C/ FLORIDABLANCA, 145"
300,6,24,fa08e8111c658f54aec120daa2fbf2e8,41.392052,2.1480223,"C/ VILLARROEL, 208"
301,14,7,0a7556a190afc2de3bc42eef1b8b5515,41.392878,2.143411,"AV. DIAGONAL, 602"
302,17,8,1750df4f9a4a35c6fcdcb16d05a633b4,41.4027907,2.1956161,"C/ SANCHO DE ÁVILA, 170 / LLACUNA"
303,9,12,a10fe4b4111715a1c8bf9ffbfc879b49,41.3787064,2.1443579,"C/ TARRAGONA,  159-173"
304,22,1,5e5d2776870d78c58607c84eb4db80d6,41.3908381,2.1743743,"C/ BRUC, 20"
305,24,6,92380b259f2c26fcde401f6f1a369fd3,41.4361251,2.1894423,"C/ MALATS, 28-30"
306,5,20,8d1c2df3992c59d06f07e74fa708741a,41.3826647,2.1717083,"LA RAMBLA, 101"
307,26,4,986b6d406122255e35f3612c23453986,41.4139298,2.2017955,"GRAN VIA DE LES CORTS CATALANES,  1062"
308,22,9,8fd6db8cb80654809347bed85879b49b,41.3595484,2.1417765,"C/ ALTS FORNS, 77"
309,21,2,3d0eb79ed109cc00dfd80dc5ed800cf5,41.3812001,2.1323612,"C/ JOAN GÜELL, 98"
310,18,3,8c05047d2874b070f431349c37ee8710,41.3786364,2.1335494,"C/ JOAN GÜELL, 50"
311,4,23,c71b8a779106faf1ec1b01cadd98e45f,41.391062,2.1801142,PG. DE LLUíS COMPANYS (ARC DE TRIOMF)
312,24,3,e8f93835abfe9d85300bc608484fe11c,41.4340849,2.1748267,"C/ DE L'ESCULTOR ORDÓÑEZ, 55"
313,17,7,1a218a6b639a438c556fbe5630432223,41.3916096,2.1891194,"C/ SARDENYA, 68"
314,21,7,b68161aaef7bae4f079fb4ea4e37291f,41.3915195,2.1390667,"AV. DIAGONAL, 630"
315,22,1,67d773ed6f6c11ef95f08828e0043e17,41.3912605,2.1476308,"C/ LONDRES,  53"
316,21,1,08f3770880c755e9b32c907b53690d71,41.4092005,2.16400285,"C/ PAU ALSINA, 54"
317,23,3,aad7ee497c1bd869026313bbb67e1caf,41.4275514,2.1659881,"PG. FONT D´EN- FARGAS, 1"
318,10,12,5b5bd28eaaea32d5f45aa307a5b306b7,41.3855644,2.1773214,"AV. FRANCESC CAMBÓ, 10"
319,5,22,e836f33eaf19175d32d4b8042594331a,41.392384,2.1925059,"C/ JOAN D'ÀUSTRIA, 31B"
320,15,12,58fbf6dface3f876f372cf38e1f4297d,41.4063864,2.1874404,"C/ CLOT, 1"
321,26,1,3e5d559944765b0a79693f6177076ce1,41.4357978,2.163872,"PG. FABRA I PUIG, 411"
322,3,20,e51a6f5b087c0d367d3ad07e00dd54e1,41.380628,2.1822815,PG. DE COLOM /VIA LAIETANA
323,26,1,508b30de9a0df2655f739a08903c7d45,41.4121345,2.1652216,PLAÇA ALFONS X EL SAVI / RONDA DEL GUINARDO
324,10,10,b8842240a2cb97138d29fba49a6e857e,41.4105848,2.1826833,"C/ PROVENÇA, 595"
325,14,18,938d6e80af6873d5f085786edde6603c,41.37652,2.17881,PG. DE COLOM (LES RAMBLES)
326,20,11,54b26dd25ba58f0dfe77e914dc0c5867,41.4026275,2.2017694,"C/ PUJADES, 191"
327,11,7,4f57882bd9e80a8ba121bad1315b9d25,41.3905303,2.1906339,"C/ RAMON TURRÓ, 4"
328,19,8,fda98e4d825084470de7b3d76c0a0f2b,41.4312335,2.1499103,"C/ JORGE MANRIQUE, 15"
329,20,4,0a5863be2a7bf9d1a16bfe4461a8f6d0,41.4427374,2.170393,"VIA FAVÈNCIA, 186"
330,27,0,cf5dad1971da0e28b4cbec40613054e2,41.3847061,2.1170751,"C/ MARTÍ I FRANQUÈS, 1"
331,18,2,5869b4d6a0fb19d55cf197cf737b00e0,41.3829333,2.1420704,"AV. JOSEP TARRADELLAS, 27"
332,35,5,01d673db29d67c36edd5bda046614474,41.3816139,2.1677697,"C/ AGUSTÍ DURAN I SANPERE, 10"
333,13,6,dbdbd5155b0e2a3df5369a3d19e499f2,41.3741093,2.1481993,"GRAN VIA DE LES CORTS CATALANES, 368"
334,22,24,916b4d2c589fad262929399f082c7571,41.3757914,2.1499102,"GRAN  VIA DE LES CORTS CATALANES, 375-385"
335,42,12,3285abf457eb641068daf1b4e5a778de,41.3896642,2.1999572,"AV. LITORAL, 40 (D)"
336,8,18,83c1b708f8fff858d20f137f1153fb0c,41.3783467,2.1633139,"RONDA SANT PAU, 79"
337,19,16,6c594ebea1fb649cf3139aacd6e08031,41.3812504,2.1594741,"C/ COMTE D'URGELL, 43"
338,14,12,c0d5295a77f4cb6e6d6af21c38439874,41.3961412,2.2078439,"AV. LITORAL, 72"
339,14,16,1f1b5a28741276e122f2ff81c30096ab,41.3750995,2.1613897,"AV. PARAL.LEL, 132"
340,12,7,45307942511011020db4625be2fba678,41.3960652,2.1871959,"AV. MERIDIANA, 40"
341,25,2,75dce6b1bc1c7913937f6e50091a9252,41.4366871,2.1693134,"C/ MARIE CURIE, 8-14"
342,7,16,ed4251264bc9b6f96c35c3dc83b6cfb2,41.448152,2.19294,"VIA BARCINO, 121"
343,6,24,22fab28014c789ae790f6cec7ce8696b,41.443387,2.1813051,"C/ PABLO IGLESIAS, 21"
344,26,1,1f6a881d188b0ee856f52612eb990a64,41.4134503,2.1631012,"C/ CAMÈLIES, 73"
345,40,14,8b92416c1f4a49323575c4ce26f0fc8c,41.3881248,2.1951871,"C/ MARINA, 25-33"
346,40,7,fcaa1662c358b960bf763c0d1439882f,41.3902194,2.1904003,"C/ RAMON TRIAS FARGAS, 21"
347,33,18,31510e5643434782b828ba5d91cff7f0,41.4134833,2.2206913,"C/ SANT RAMON DE PENYAFORT, 1"
348,7,19,ee0ac58184126f8b0c3ed4074e2acb32,41.4230551,2.1913753,"C/ GRAN DE LA SAGRERA, 74"
349,12,13,0c4cac5891975861c141dbd44374cd54,41.4008312,2.206645,"C/ BILBAO, 2"
350,15,3,efafae9cf7cf875ba960a16df971894b,41.4022081,2.1649035,"C / INDÚSTRIA, 10"
351,9,15,ff00e5fcc43ffb93a773a9c35b0a0cb2,41.4053649,2.2162094,"PG. DE GARCIA FÀRIA, 85"
352,24,2,db9e48be6f122b678843577e540f72ea,41.4053697,2.2135818,SELVA DE MAR / PG. DEL TAULAT
353,20,12,c1cdae8945633fe90d21ec0081cea328,41.3890253,2.1968267,"C/ JOAN MIRÓ, 2-12"
354,14,17,092ea1f184d8d1755f3a5a91104916fe,41.396994,2.1706323,"C/ BAILÉN, 100"
355,0,21,371fdbbe54ad9b4dad4c2348497188ea,41.387696,2.1696543,"PL. CATALUNYA, 10-11 (PG. DE GRÀCIA)"
356,17,1,2b993294c8972929fed281e92891f252,41.4006862,2.1543317,"C/ GRAN DE GRÀCIA, 91"
357,11,14,34419711ca6f3df9e56a17c7f082b514,41.4000778,2.1326911,"C/ D'ALACANT, 12"
358,9,12,03b90625659c5bcdf8466510c9c9cdb3,41.4023354,2.2105777,"C/ BAC DE RODA, 11"
359,19,2,4bdc1a278f6ce0475588aca3e87ed6ae,41.3852585,2.155089,"AV. ROMA,  136"
360,21,6,7bfc210262d212fae21b9bd6e5134d40,41.383585,2.112186,"AV. DOCTOR MARAÑON, 25 | C/ PAU GARGALLO"
361,26,0,c7a171a3d2dad350917e41a0b8e28e74,41.3727426,2.1539198,"C/ RIUS I TAULET, 4"
362,14,10,534be855dda9378f5803c7a7bf3d6f18,41.4200135,2.2016699,"RAMBLA DE GUIPÚSCOA, 103 /CANTÀBRIA"
363,17,7,92f3c47fc8b2520293d84e3b509b6fda,41.4084796,2.192042,PL.VALENTÍ ALMIRALL
364,25,11,9197b4871b9c31693dd4f6f37b716a57,41.3914292,2.1805685,"PG. LLUIS COMPANYS, 18  (ARC TRIOMF)"
365,10,15,8344100c041dd422a4efaf2be6961e27,41.384546,2.184922,"AV. MARQUÉS DE L'ARGENTERA,13"
366,23,4,65eae831e3dbb2bfc1bcb13da8ce3fd9,41.4172922,2.1844769,"C/ INDÚSTRIA, 329"
367,18,2,bfe7a747985c502d0aabe4efe0847b8f,41.4143392,2.1874539,"C/ MÚRCIA, 1"
368,8,17,1369607dbd27029b530192d858bc0587,41.4339212,2.2062245,"PG. D'ENRIC SANCHIS, 33"
369,17,14,8df93fef7528967cb82fb90fea6bd0bf,41.3860607,2.1702467,"PL. CATALUNYA, 22"
370,21,2,5a81f702076a4092dd6e7581ffc307ff,41.4025392,2.1524704,"GRAN DE GRÀCIA, 155 (METRO FONTANA)"
371,12,3,a1bbf788354fc35aabae59730f4aaf01,41.3748001,2.1889045,PL. DEL MAR
372,18,7,cf6a2bb796218f8754da1c8d45f5cb30,41.3833653,2.1946255,"PG. MARITIM, 23 (HOSPITAL DEL MAR)"
373,25,1,4dfd8455201f85dbdab1b9875c1d243d,41.4239719,2.1812399,"C/ ALEXANDRE GALÍ, 1-5"
374,30,2,731238b3f7db22b5ac80282218d431f2,41.4219291,2.1849107,"C/ FELIPE II, 112"
375,3,14,13cc3757d548c3d88d2cffe8fd10adac,41.3649272,2.138599,"C/ MINERIA, 30"
376,13,6,0ca177aa7f157d4fd9ee72679f6d3b79,41.4016969,2.175767,"C/ SARDENYA, 292"
377,22,4,ba5dcb0eba1cb9534943421364599d7c,41.3927771,2.1586273,"C/ PROVENÇA, 215"
378,26,0,6a26ea12319de8832d6b1e98912f725a,41.4158995,2.1745567,"C/ MAS CASANOVAS, 137"
379,17,4,1a05be16670c85752010f0efe4698995,41.3834753,2.194735,"PG. MARíTIM, 31 B (ANNEXA A LA  12)"
380,10,5,4f0cdc9d1e090de64755ea017b643f1e,41.385503,2.1634768,PL. UNIVERSITAT
381,21,6,c51f2cc04dcb83a49bd57179df24f94b,41.3856474,2.1634306,PL. UNIVERSITAT /  ARIBAU
382,24,3,2375a6bbc305836292db4b9459bad6c4,41.426078,2.1751572,"C/ CUBELLES, 2"
383,18,12,e6a4d0046fc56369d63e1cdc691f65d1,41.4202459,2.1894852,"C/ HONDURAS, 32-34"
384,1,21,f8756b6af18c2fedd8a295040279aecc,41.379326,2.189906,PL. POETA BOSCÀ | C/ ATLÀNTIDA
385,23,3,ba34ae0d78db56158e7af60a1ebf475d,41.4374904,2.1565742,"PG. VALLDAURA, 26"
386,29,10,0894812b21c0802c56c0fcdcf203e18d,41.4040364,2.183145,"C/ CONSELL DE CENT, 566"
387,25,1,a8d71767532b6d52e8e53bee77f19cdb,41.3981669,2.1754896,"C/ NÀPOLS, 183"
388,17,3,54ed62464266d6c6a9f500db64487420,41.3806074,2.1408633,"C/ VIRIAT, 43"
389,18,2,cf27f9447a9429924729959bc6171a49,41.3839045,2.1312876,"C/ JOAN GÜELL, 174"
390,5,20,97aa364f0eee0d6a736b47c987418b9b,41.4356895,2.1920873,"CARRER DEL CINCA, 7"
391,25,2,2a09840707012491550b6807d25f2c84,41.3968391,2.1756598,"C/ DIPUTACIÓ, 373"
392,10,8,431ed6d01c118a6b0295a8f949fe526a,41.3754426,2.1398409,"C/ WATT, 2"
393,21,1,09ca480f42e8a372dae53bc4137e7038,41.3949601,2.1302775,"C/ ALT DE GIRONELLA, 13"
394,15,11,1f91573279a4f9509a4957d52d1282eb,41.401883,2.131524,"C/ PAU ALCOVER, 94"
395,21,5,42dc5e1f94087c6cc143d7b6144a04a2,41.4347859,2.147904,"AV. CAN MARCET, 36"
396,20,0,d2e118344ec10c3c2273a95a405fb7c3,41.4372022,2.1620235,"PG. UNIVERSAL, 29 | C/ DOCTOR LETAMENDI"
397,24,0,7430c4b147d738a9d824c337da6c9071,41.419965,2.1401823,"PG. VALL D'HEBRÓN, 80"
398,13,4,57f74aae4218dbfd66eddce174ff557f,41.4417001,2.1781553,"C/ SANT FRANCESC XAVIER, 1"
399,10,4,bb9460aef7e848b5e72c7861ec2db3e3,41.40197,2.187081,"AV. MERIDIANA, 66"
400,23,5,b543814d13e0580dc044f98f50c910bb,41.446923,2.184857,"C/ PALAMÓS, 33"
401,15,8,006395fd7434c1f65d20cf0a1b0c94f0,41.384810211467105,2.1508071246452154,"C/ VILADOMAT, 200"
402,12,8,b81ccb25428d4ff0e25482cc54c4cfee,41.3776721,2.157233,"C/ FLORIDABLANCA, 49"
403,20,7,a6fed1c13ea51aa2e2fe9d5631f765f0,41.400654,2.210191,"PG. DE GARCIA FÀRIA, 21/ESPRONCEDA"
404,31,9,cc7badf0256ff4ad77bd11887ab205e1,41.38031805998654,2.1544371248113956,"C/ CALÀBRIA, 112"
405,11,26,ed25291d0f5edd91615d154f243f82f9,41.376433,2.17871,PG.DE COLOM (LES RAMBLES)
406,25,14,00341b8b54545c560fdec7d7983f9f5a,41.3967169,2.1825085,"C/ SARDENYA,  178"
407,1,26,da6b1559f96d6eeb9fcc56d530d88d93,41.3873057,2.1631263,"C/ DIPUTACIÓ, 226"
408,13,11,20914ed69983503fe161056b18b5af13,41.404511,2.189881,"C/ CIUTAT DE GRANADA, 168 | AV. DIAGONAL"
409,23,1,af8224f573182b287a9e33413c6a3f14,41.4118378,2.1778852,"C/ INDEPENDÈNCIA, 379"
410,9,9,4fc2b099f144cfca9c0c0df278e371d2,41.4048623,2.174799,"C/ PROVENÇA, 445"
411,17,7,baac32fbb8447abb62b24476341a1999,41.4432762,2.1746238,"C/ GÒNGORA, 23"
412,25,0,828aabafef632a022098fb26044bcf63,41.3847113,2.1334379,"C/ VALLESPIR, 194"
413,18,5,be92e88c502119cf00fa9043b784f279,41.3922355,2.1309272,"AV. SARRIÀ, 163"
414,29,1,24ba194eff6a95e97d82e54e3dccaf63,41.37541,2.1232547,C/ MUNNÉ  2-6
415,16,16,6ab48a3f17b678b7a14b5e1ec31d716c,41.393062,2.1633226,"PG. DE GRÀCIA, 61"
416,28,4,fbc62f405e5d474a6ebba1729d90dc79,41.360798,2.138931,"PG. ZONA FRANCA, 182"
417,34,9,f4de870ade61e6ba95e883709c5492ee,41.3467746,2.1436235,"C/ 60, NÚMERO 25"
418,5,23,26b8f6b463d3b12280093545d6d64c5f,41.380628,2.1821917,PG. DE COLOM (VIA LAIETANA)
419,27,15,0ae0e4f1bb5a5d21b268bec539413fde,41.3862258,2.1168609,"C/ JOHN MAYNARD KEYNES, 2 | AV. DIAGONAL"
420,35,1,ac4a41e000abdda3d9494e46846b8a13,41.3977227,2.1194557,"AV. JOSEP VICENÇ FOIX, 63"
421,14,3,cd2e90920bcbabea6840fc65d766ac43,41.4074444,2.1492066,"AV. VALLCARCA, 11"
422,17,9,2cf57e9086d0eebfbba51e26c23d0c6e,41.3989713,2.1606736,"C/ TORRENT DE L'OLLA, 11"
423,20,4,98bc9f8de8c6d27b02a754f6b0ac4d5b,41.3812979,2.1289917,"C/ FÍGOLS, 1"
424,7,7,7f6345da889f235b5dcb5f42e48b2be9,41.4071692,2.1820722,"C/ DOS DE MAIG, 230-232"
425,50,4,5030fd4c58f12bc3e15d661e4c969152,41.38860659692564,2.1921945084594707,"C/ VILLENA, 1"
426,16,0,e8c928bbf201f07a09e6f9afbcab650b,41.4052698,2.1420204,"C/ ELISA, 1"
427,21,5,8d86e740799da8e5ffd2ac729a5ca92b,41.402988,2.1344691,"C/ ARTESA DE SEGRE, 2"
428,23,5,86e626699f549ebeb2ca9b69042b5d92,41.442489,2.185727,"AV. RIO DE JANEIRO, 118"
429,17,9,71f8b22073c7a1dcaa58c7c0f2c28bba,41.4306689,2.1456449,"C/ PARE MARIANA, 24"
430,12,22,4b6e4440cac580a0f4055d7468f2935e,41.4040525,2.181199,"C/ DELS ENAMORATS, 49"
431,21,4,455446f63c8b93fac65bf23a56262efb,41.4054458,2.1663172,"C/ NÀPOLS, 344"
432,22,16,beb0ac4fefe393288ec73b80a09433d4,41.38268,2.16712,PLAÇA DELS ÀNGELS (MACBA)
433,16,9,d1bbabe6337fcbd7604c6237e9122cf2,41.3807072,2.1468381,"C/ VILAMARÍ, 85"
434,10,15,0df71ec07a30c424811aed381fbd0c2c,41.3857425,2.1610515,"C/ DIPUTACIÓ, 200"
435,22,6,86511c8ca4c89cfbdf783e69ab9e27fe,41.4021805,2.1829894,"C/ CASTILLEJOS, 184"
436,8,19,0c539fabc4dc46d8b5ceb3be59fce5d1,41.4389609,2.1996179,CAMPANA DE LA MAQUINISTA (SAO PAULO I PL. DE
437,22,3,3a2ade138375fbb7e09bd97923442494,41.4058109,2.1949461,"C/ BOLIVIA, 120"
438,6,13,693793a79f93ebddb37e1610e5e0f952,41.4378773,2.1910691,"PG. TORRAS I BAGES, 29"
439,17,7,07bb417c7ade54ee396bb3377c172c20,41.433934,2.1896502,"C/ SANT ADRIÀ, 2-8"
440,22,6,0f0b15d3a81bb3204cc64850518884e6,41.3875712,2.1469336,"C/ VILADOMAT, 244"
441,30,1,bc01d4e4933dde712fd91327c7dfc059,41.4074131,2.1381069,"C/ BALMES, 409"
442,21,3,e63e0e9835b8a41b14c65052e5ef26da,41.4050074,2.134603,"C/ REUS, 23"
443,24,1,258702699a30e5e6ef91fc779acf10f7,41.4144967,2.1402433,"C/ ESTEVE TERRADAS, 42"
444,25,0,4e1e9b146f81a64487cce22816ff59af,41.4095489,2.1360313,"PTGE. MALUQUER, 16"
445,16,12,d5f71274f2fcb44cf751cbf8e7b7c700,41.3987543,2.1902116,"C/ SANCHO DE ÁVILA, 60-64"
446,3,22,73006d172c99dc41ac2bfc7782bec7b7,41.3795862,2.1925198,PG. MARÍTIM DE LA BARCELONETA
447,18,9,4edfad5f85ac5f41f71d030bb02c7a3d,41.3943033,2.1860256,"C/ ALMOGÀVERS, 63"
448,16,5,bbc36a18217c2a3dafed0c1cc9ab7f0b,41.378118,2.1378667,"C/ VALLESPIR, 13"
449,11,10,c99fff35b0450411d06dac8b89f74437,41.387493,2.1690686,"PL. CATALUNYA, 10-11 (LA RAMBLA)"
450,11,12,c5eb25fe1445a3f02633fd958096305f,41.4035608,2.1609345,"C/ MONTMANY, 1"
451,13,11,b2165ce2ff7a16ce71a4e9b62697fcff,41.4418604,2.1664224,"VIA FAVÈNCIA, 47"
452,37,1,ba4020a51a4b1ad5d38c730af551134d,41.3889972,2.1923283,"C/ RAMON TRIAS FARGAS, 23"
453,25,6,263c4d013e6517336c3a20c949bd1e31,41.4388644,2.1657506,"PG. FABRA I PUIG, 449"
454,9,16,94e5f738c07f13504a420241312a9018,41.3754047,2.1680021,"C/ DE SANT PAU, 119/ RONDA SANT PAU"
455,15,10,20489f631072cc28555f2f9df8327ecd,41.4050968,2.1569161,"C/ DE LA SANTACREU, 2 (PL.DE LA VIRREINA)"
456,7,19,90990cfd1aaa063c3bd318aae5f8b122,41.3770715,2.1758261,"PORTAL DE SANTA MADRONA, 2-4"
457,23,10,fd25cee068a839f63c4e287ae067942c,41.380955,2.1934636,PG. MARÍTIM DE LA BARCELONETA/ANDREA DÒRIA
458,0,19,1f7b68ead83cf6ccc418c0cf0762ff90,41.3785379,2.1767427,"PL. JOAQUIM XIRAU I PALAU, 1"
459,19,13,60e5da341ebfa80528cf1fd1995f8310,41.3806411,2.1671611,"C/ RIERA ALTA, 6"
460,27,5,4e166f81d275254f6d701f3ff3c80649,41.4164824,2.1801094,"C/ VILLAR, 2"
461,17,10,aa3c9dc88d9b7e74bdd960c5d2a42055,41.4156285,2.1817876,"C/ DEL GUINARDÓ, 32-38"
462,12,16,8f6b673cb8b0b202a6562c9e43efd166,41.363279,2.1341586,"C/RADI,10/GRAN VIA DE LES CORTS CATALANES"
463,11,21,9c3778f6373e6a82078f3609beeb4479,41.3863747,2.1646697,"GRAN VIA DE LES CORTS CATALANES, 592"
464,20,3,fa673f1e3be9fe199c0752d9f92a0fbc,41.385641,2.113096,"C/ ALFAMBRA, 2 | AV. DIAGONAL"
465,14,13,a477a9cb5e302f3a206d7e45d1976dab,41.410712,2.2061691,"C/ CRISTOBAL DE MOURA, 84"
466,8,15,0b683b9f2f5596baaea1da793fb36161,41.411381,2.2122054,"C/ JOSEP PLA, 67"
467,18,8,23f4d8de839b3faed12399069fc003bb,41.3872437,2.1793035,"C/ GOMBAU, 24"
468,14,12,20b1df9310878ec699cf30978127aef4,41.3847738,2.1592566,"C/ CASANOVA, 55"
469,12,8,05cd03116f27936f57a868706aeb2753,41.462095,2.178959,"AV. RASOS DE PEGUERA, 10"
470,16,7,24749fc9c12ae80014048d948ebcdcd6,41.3832609,2.1392662,"C/ BERLÍN, 38"
471,13,6,d641b96ef9ab92b463833bc1d0f20304,41.37686,2.19067,"C/ PONTEVEDRA, 58B | C/ JUDICI"
472,16,10,3265388081aa892ccb5c0730f388da9e,41.3812111,2.1190863,C/ JOSEP SAMITIER / JOAN XXIII
473,11,10,74d00b104de800715a77feb8e6157785,41.4506081,2.1923629,"VIA BARCINO, 69"
474,4,14,7231524b4cb51d780d762ce7c5440ca2,41.3685394,2.1328403,"RBLA. BADAL, 73 | C/ CONSTITUCIÓ"
475,24,6,5dd9cb2366f74b3f39ced69bc1b27e63,41.39828,2.1830315,"C/ DE RIBES, 59 B"
476,17,4,e959935456092cb96b784429fcbc3ff7,41.3933173,2.1812483,"C/ RIBES, 13"
477,21,8,52fa73f978c70844a5df97a301a116b7,41.4031491,2.1707947,"C/ ROSSELLÓ, 354"
478,10,19,ef4175249232a71e6f8d55d6ff546253,41.3853868,2.122893,"C/ DOCTOR SALVADOR CARDENAL, 1-5"
479,11,25,d8ef96f2a72455aea701d6d832370afd,41.3513237,2.1450958,"PG. ZONA FRANCA, 9"
480,20,12,31db8a173f6808528f760738023a0d62,41.4109763,2.2193724,"AV. D'EDUARD MARISTANY, 1 /FORUM"
481,23,16,d8e00fe3427e7d26ff26b6b56fc29df3,41.3911035,2.1801763,"PG. LLUIS COMPANYS, 11 (ARC TRIOMF)"
482,10,17,4a63c1017c6874ca8491622dded0c3d3,41.3893094,2.1727457,"PL. URQUINAONA, 3"
483,18,9,3c096aee00bf5fd600b60936a0fe3e52,41.387888,2.1552902,"C/ CASANOVA, 119"
484,15,5,2131f17cce068654ea6dd796f6775cc9,41.3751767,2.1658972,"AV. PARAL.LEL, 98"
485,10,9,a0dfe4536c9e3cfdf5191d05ba4cc286,41.3768806,2.1698206,"C/ DE SANT PAU, 89 - 97"
486,23,7,f47b91ad3e2f9e22babba8f999c32b8c,41.3745238,2.1422556,"C/ VILARDELL, 18"
487,19,11,b9379ff2e8991e872a5640b5aae569d2,41.403216,2.2136,"PG. DE GARCIA FÀRIA, 37/JOSEP FERRATER"
488,34,1,686345c52539eb160b393ffb6f79dfd5,41.3812425,2.1933482,"PG. MARITIM, 11 (DAVANT PL. BRUGADA)"
489,12,14,da82ae0907f36bbbba96d9c81baeffe4,41.39212,2.1874966,"C/ PUJADES,  3"
490,12,18,90e711b0858b61446652be14b4d549a3,41.4110822,2.2163136,"AV. DIAGONAL, 26"
491,7,6,1b6c8a565030e3415310729ecda3071c,41.3779974,2.1884228,"PG. JOAN DE BORBÓ, 42"
492,21,4,768a668cd88b3ad269f7f0a5bb272f10,41.4082107,2.1689962,"TRAVESSERA DE GRÀCIA, 328"
493,22,1,dc64552c5a36d359c0435849a3e36880,41.3852864,2.1454802,"C/ ROCAFORT, 214 | C/ ROSSELLÓ"
494,26,0,4ee62fada6250687374151b4aeb039fa,41.3767538,2.1269152,"C/ ROGER, 24"
495,10,4,4b706ced6b46617641ab8a7c2f09bc5f,41.3900085,2.1432105,"AV. JOSEP TARRADELLAS, 133"
496,20,4,add304609643d6d30a5c15cd5432fea4,41.3783067,2.1297303,"RAMBLA DEL BRASIL, 44"
497,23,8,eba432dc58a0ee6fbe4f6323f4be441f,41.412427,2.170592,"C/ CASTILLEJOS, 388"
498,25,0,196cd5717581af6bcee32f659e8bfb0a,41.392135,2.1563542,"C/ ENRIC GRANADOS, 93"
499,2,14,85dc8b5af64cd8170cb4d2b437339c75,41.389668,2.1599078,"C/ ENRIC  GRANADOS, 35"
500,0,13,465d5fbd9f725cdd4dbdba1f0612ce64,41.3893222,2.1678388,"GRAN VIA DE LES CORTS CATALANES, 609"
501,25,7,9c003bbd85b2e441cd85d2fe1142f1b9,41.3573288,2.1371996,"C/ DE L'ENERGIA, 2 / ALTS FORNS"
502,14,13,1b5961d97851faaca78308b3afeef662,41.3979002,2.2088454,"AV.LITORAL, 84"
503,0,14,43cd75e496ecd2187a03c10902556277,41.3890626,2.1679313,"GRAN VIA DE LES CORTS CATALANES, 632"
504,10,15,6dd5a991ff777d35b32920e749a47112,41.417694,2.1976864,"C/ SELVA DE MAR, 230"
